SALE TYPE,SOLD DATE,PROPERTY TYPE,ADDRESS,CITY,STATE OR PROVINCE,ZIP OR POSTAL CODE,PRICE,BEDS,BATHS,LOCATION,SQUARE FEET,LOT SIZE,YEAR BUILT,DAYS ON MARKET,$/SQUARE FEET,HOA/MONTH,STATUS,NEXT OPEN HOUSE START TIME,NEXT OPEN HOUSE END TIME,URL (SEE https://www.redfin.com/buy-a-home/comparative-market-analysis FOR INFO ON PRICING),SOURCE,MLS#,FAVORITE,INTERESTED,LATITUDE,LONGITUDE
"In accordance with local MLS rules, some MLS listings are not included in the download"
MLS Listing,,Single Family Residential,3220 SW Westbridge Pl,Seattle,WA,98126,1500000,5,4.0,Belvidere,3481,3738,2019,3,431,268,Active,November-23-2024 01:00 PM,November-23-2024 03:00 PM,https://www.redfin.com/WA/Seattle/3220-SW-Westbridge-Pl-98126/home/166593223,NWMLS as Distributed by MLS Grid,2311601,N,Y,47.571758,-122.373874
MLS Listing,,Single Family Residential,305 34th Ave E,Seattle,WA,98112,1399000,5,3.0,Madison Valley,2847,7151,1961,23,491,,Active,,,https://www.redfin.com/WA/Seattle/305-34th-Ave-E-98112/home/22718537,NWMLS as Distributed by MLS Grid,2306881,N,Y,47.6215871,-122.289016
MLS Listing,,Single Family Residential,1302 N 49th St,Seattle,WA,98103,1550000,5,3.0,Wallingford,3190,5800,1927,37,486,,Active,,,https://www.redfin.com/WA/Seattle/1302-N-49th-St-98103/home/119434,NWMLS as Distributed by MLS Grid,2302469,N,Y,47.6645171,-122.3418687
MLS Listing,,Townhouse,2367 S Forest St,Seattle,WA,98144,929999,6,3.0,N Beacon Hill,1830,3159,1990,53,508,,Active,,,https://www.redfin.com/WA/Seattle/2367-S-Forest-St-98144/home/167942,NWMLS as Distributed by MLS Grid,2296227,N,Y,47.5772501,-122.3016045
MLS Listing,,Single Family Residential,11838 79th Ave S,Seattle,WA,98178,1399999,6,4.0,Seattle,3635,4773,2020,65,385,50,Active,,,https://www.redfin.com/WA/Seattle/11838-79th-Ave-S-98178/home/171920893,NWMLS as Distributed by MLS Grid,2290039,N,Y,47.496043,-122.2342358
MLS Listing,,Single Family Residential,10008 Richwood Ave NW,Seattle,WA,98177,2100000,5,3.0,Blue Ridge,2640,6424,1946,1,795,124,Active,November-23-2024 11:00 AM,November-23-2024 02:00 PM,https://www.redfin.com/WA/Seattle/10008-Richwood-Ave-NW-98177/home/288666,NWMLS as Distributed by MLS Grid,2311386,N,Y,47.7017284,-122.3870047
MLS Listing,,Single Family Residential,3303 31st Ave SW,Seattle,WA,98126,1450000,5,5.0,West Seattle,2996,2496,2023,2,484,,Active,November-23-2024 01:00 PM,November-23-2024 03:00 PM,https://www.redfin.com/WA/Seattle/3303-31st-Ave-SW-98126/home/150678,NWMLS as Distributed by MLS Grid,2312058,N,Y,47.5736055,-122.3724348
MLS Listing,,Single Family Residential,2814 E Marion St,Seattle,WA,98122,2588800,5,4.5,Madrona,3648,4891,2023,3,710,,Active,,,https://www.redfin.com/WA/Seattle/2814-E-Marion-St-98122/home/147705,NWMLS as Distributed by MLS Grid,2311813,N,Y,47.6102957,-122.2954754
MLS Listing,,Single Family Residential,931 N 92nd St Unit A&B,Seattle,WA,98103,1495000,6,5.0,Greenwood,3458,2371,2024,7,432,,Active,November-22-2024 12:00 AM,November-22-2024 11:59 PM,https://www.redfin.com/WA/Seattle/931-N-92nd-St-98103/unit-B/home/191426204,NWMLS as Distributed by MLS Grid,2311287,N,Y,47.6954529,-122.3459001
MLS Listing,,Single Family Residential,2604 W Armour St,Seattle,WA,98199,3800000,6,4.5,Magnolia,4746,5100,2025,7,801,,Active,,,https://www.redfin.com/WA/Seattle/2604-W-Armour-St-98199/home/124011,NWMLS as Distributed by MLS Grid,2310988,N,Y,47.6448018,-122.390587
MLS Listing,,Single Family Residential,5412 21st Ave SW,Seattle,WA,98106,1475000,5,3.5,Puget Ridge,3150,5025,2013,7,468,,Active,November-22-2024 03:00 PM,November-22-2024 05:00 PM,https://www.redfin.com/WA/Seattle/5412-21st-Ave-SW-98106/home/161606,NWMLS as Distributed by MLS Grid,2310312,N,Y,47.5532704,-122.3597439
MLS Listing,,Single Family Residential,8215 22nd Ave NE,Seattle,WA,98115,2275000,5,4.5,Ravenna,3010,6600,2024,8,756,,Active,,,https://www.redfin.com/WA/Seattle/8215-22nd-Ave-NE-98115/home/310165,NWMLS as Distributed by MLS Grid,2310169,N,Y,47.6890273,-122.3048562
MLS Listing,,Single Family Residential,4009 48th Ave S,Seattle,WA,98118,2098000,5,4.0,Mt Baker,3960,7200,1918,8,530,,Active,,,https://www.redfin.com/WA/Seattle/4009-48th-Ave-S-98118/home/488504,NWMLS as Distributed by MLS Grid,2310568,N,Y,47.5673099,-122.2736436
MLS Listing,,Single Family Residential,11625 77th Ave S,Seattle,WA,98178,1099000,6,4.5,Bryn Mawr,3090,9600,1981,8,356,,Active,November-23-2024 11:00 AM,November-23-2024 01:00 PM,https://www.redfin.com/WA/Seattle/11625-77th-Ave-S-98178/home/199604,NWMLS as Distributed by MLS Grid,2310491,N,Y,47.4984093,-122.2373175
MLS Listing,,Single Family Residential,4728 30th Ave S,Seattle,WA,98108,1200000,7,3.0,Columbia City,2230,6000,2017,8,538,,Active,,,https://www.redfin.com/WA/Seattle/4728-30th-Ave-S-98108/home/479152,NWMLS as Distributed by MLS Grid,2310018,N,Y,47.5599246,-122.2933621
MLS Listing,,Single Family Residential,1653 Edgewood Ave SW,Seattle,WA,98116,2360750,5,4.0,North Admiral,3450,7000,2023,9,684,,Active,,,https://www.redfin.com/WA/Seattle/1653-Edgewood-Ave-SW-98116/home/150812,NWMLS as Distributed by MLS Grid,2310187,N,Y,47.5883105,-122.3836479
MLS Listing,,Single Family Residential,10425 22nd Ave SW,Seattle,WA,98146,1350000,5,3.0,White Center,3200,7650,2020,10,422,,Active,,,https://www.redfin.com/WA/Seattle/10425-22nd-Ave-SW-98146/home/22486218,NWMLS as Distributed by MLS Grid,2309944,N,Y,47.5094415,-122.3627754
MLS Listing,,Single Family Residential,6203 52nd Ave S,Seattle,WA,98118,3940000,6,5.5,Seward Park,4952,9601,2024,10,796,,Active,November-23-2024 12:00 PM,November-23-2024 02:00 PM,https://www.redfin.com/WA/Seattle/6203-52nd-Ave-S-98118/home/193506999,NWMLS as Distributed by MLS Grid,2309700,N,Y,47.5472647,-122.2668573
MLS Listing,,Single Family Residential,6015 51st Pl S,Seattle,WA,98118,1650000,6,3.5,Seward Park,3550,9660,1998,10,465,,Active,November-24-2024 01:00 PM,November-24-2024 04:00 PM,https://www.redfin.com/WA/Seattle/6015-51st-Pl-S-98118/home/489879,NWMLS as Distributed by MLS Grid,2309377,N,Y,47.5483961,-122.2692235
MLS Listing,,Single Family Residential,4326 NE 44th St,Seattle,WA,98105,2279950,5,4.0,Laurelhurst,3260,4000,1936,11,699,,Active,,,https://www.redfin.com/WA/Seattle/4326-NE-44th-St-98105/home/122164,NWMLS as Distributed by MLS Grid,2309981,N,Y,47.6607819,-122.2800857
MLS Listing,,Single Family Residential,3414 15th Ave S,Seattle,WA,98144,1000000,5,2.0,N Beacon Hill,2680,3449,1927,12,373,,Active,,,https://www.redfin.com/WA/Seattle/3414-15th-Ave-S-98144/home/167539,NWMLS as Distributed by MLS Grid,2307960,N,Y,47.5725878,-122.3131229
MLS Listing,,Single Family Residential,4812 Aurora Ave,Seattle,WA,98103,1150000,5,4.0,Woodland Park,2490,2350,1918,14,462,,Active,,,https://www.redfin.com/WA/Seattle/4812-Aurora-Ave-N-98103/home/118954,NWMLS as Distributed by MLS Grid,2308495,N,Y,47.6640204,-122.3470293
MLS Listing,,Single Family Residential,12525 39 Ave NE,Seattle,WA,98125,1799999,5,3.0,Cedar Park,2760,24502,1967,14,652,,Active,,,https://www.redfin.com/WA/Seattle/12525-39th-98125/home/193469054,NWMLS as Distributed by MLS Grid,2309149,N,Y,47.720030575,-122.2870072
MLS Listing,,Single Family Residential,12525 39th Ave NE,Seattle,WA,98125,1100000,5,3.0,Cedar Park,2760,11600,1967,14,399,,Active,,,https://www.redfin.com/WA/Seattle/12525-39th-Ave-NE-98125/home/111351,NWMLS as Distributed by MLS Grid,2308968,N,Y,47.7200405,-122.2866761
MLS Listing,,Single Family Residential,3641 33rd Ave W,Seattle,WA,98199,3189000,7,3.5,Magnolia,4368,6000,2024,15,730,,Active,November-23-2024 12:00 PM,November-23-2024 02:00 PM,https://www.redfin.com/WA/Seattle/3641-33rd-Ave-W-98199/home/128466,NWMLS as Distributed by MLS Grid,2308822,N,Y,47.6535105,-122.3998211
MLS Listing,,Single Family Residential,513 SW 98th St #67,Seattle,WA,98106,1044900,5,3.0,West Seattle,2487,5429,2024,17,420,81,Active,November-23-2024 10:00 AM,November-23-2024 04:30 PM,https://www.redfin.com/WA/Seattle/513-SW-98th-St-98106/unit-67/home/191534946,NWMLS as Distributed by MLS Grid,2308541,N,Y,47.5155348,-122.340793
MLS Listing,,Single Family Residential,5521 S Wallace St,Seattle,WA,98178,699950,6,2.0,Skyway,2850,11421,1924,19,246,,Active,,,https://www.redfin.com/WA/Seattle/5521-S-Wallace-St-98178/home/177842,NWMLS as Distributed by MLS Grid,2307853,N,Y,47.49725,-122.2634749
MLS Listing,,Single Family Residential,2915 S Fontanelle St,Seattle,WA,98108,849999,5,3.0,Beacon Hill,2100,5012,1969,22,405,,Active,November-23-2024 12:00 PM,November-23-2024 02:00 PM,https://www.redfin.com/WA/Seattle/2915-S-Fontanelle-St-98108/home/482293,NWMLS as Distributed by MLS Grid,2307296,N,Y,47.5356288,-122.2949675
MLS Listing,,Single Family Residential,11702 22nd Ave NE,Seattle,WA,98125,1225000,5,2.0,Victory Heights,1960,7068,1961,22,625,,Active,,,https://www.redfin.com/WA/Seattle/11702-22nd-Ave-NE-98125/home/116697,NWMLS as Distributed by MLS Grid,2307314,N,Y,47.7140875,-122.3055137
MLS Listing,,Single Family Residential,1253 NE 100th St,Seattle,WA,98115,1475000,5,2.5,Maple Leaf,2564,1993,2024,22,575,46,Active,November-24-2024 11:00 AM,November-24-2024 01:00 PM,https://www.redfin.com/WA/Seattle/1253-NE-100th-St-98125/home/193375134,NWMLS as Distributed by MLS Grid,2305622,N,Y,47.7010427,-122.3127679
MLS Listing,,Single Family Residential,9345 7th Ave S,Seattle,WA,98108,749500,5,3.5,South Park,2290,5463,2009,22,327,,Active,,,https://www.redfin.com/WA/Seattle/9345-7th-Ave-S-98108/home/21883894,NWMLS as Distributed by MLS Grid,2307281,N,Y,47.519297,-122.3252535
MLS Listing,,Single Family Residential,1238 NW 126th St,Seattle,WA,98177,2275000,5,3.0,Broadview,3360,10504,1973,22,677,,Active,,,https://www.redfin.com/WA/Seattle/1238-NW-126th-St-98177/home/288763,NWMLS as Distributed by MLS Grid,2307096,N,Y,47.7204028,-122.3732451
MLS Listing,,Single Family Residential,9754 6th Ave SW #63,Seattle,WA,98106,1049900,5,3.0,White Center,2487,5200,2025,23,422,94,Active,November-23-2024 10:00 AM,November-23-2024 04:30 PM,https://www.redfin.com/WA/Seattle/9754-6th-Ave-SW-98106/unit-63/home/193365985,NWMLS as Distributed by MLS Grid,2306950,N,Y,47.5160588,-122.3419413
MLS Listing,,Single Family Residential,9725 Sand Point Way NE,Seattle,WA,98115,1299999,5,3.0,Matthews Beach,2546,7200,1928,24,511,,Active,November-24-2024 01:00 PM,November-24-2024 03:00 PM,https://www.redfin.com/WA/Seattle/9725-Sand-Point-Way-NE-98115/home/113589,NWMLS as Distributed by MLS Grid,2305969,N,Y,47.7001279,-122.278021
MLS Listing,,Single Family Residential,8218 S 120th St,Seattle,WA,98178,849000,5,3.5,Bryn Mawr,2490,9450,1968,29,341,,Active,,,https://www.redfin.com/WA/Seattle/8218-S-120th-St-98178/home/198752,NWMLS as Distributed by MLS Grid,2302554,N,Y,47.4959343,-122.2292633
MLS Listing,,Single Family Residential,4406 31st Ave W,Seattle,WA,98199,1998500,5,5.5,Magnolia,2844,4000,2024,29,703,,Active,,,https://www.redfin.com/WA/Seattle/4406-31st-Ave-W-98199/home/123319,NWMLS as Distributed by MLS Grid,2305161,N,Y,47.6603533,-122.3968908
MLS Listing,,Single Family Residential,902 15th Ave E,Seattle,WA,98112,3495000,5,4.0,Capitol Hill,5580,7154,1901,29,626,,Active,November-24-2024 12:00 PM,November-24-2024 02:30 PM,https://www.redfin.com/WA/Seattle/902-15th-Ave-E-98112/home/2087050,NWMLS as Distributed by MLS Grid,2304918,N,Y,47.6270574,-122.3122387
MLS Listing,,Single Family Residential,7019 8th Ave NW,Seattle,WA,98117,1350000,5,3.0,Crown Hill,2500,3770,1928,29,540,,Active,November-23-2024 11:00 AM,November-23-2024 01:00 PM,https://www.redfin.com/WA/Seattle/7019-8th-Ave-NW-98117/home/497167,NWMLS as Distributed by MLS Grid,2305199,N,Y,47.6801662,-122.366402
MLS Listing,,Single Family Residential,4074 Letitia Ave S,Seattle,WA,98118,815000,6,3.5,Columbia City,2480,6000,1910,31,329,,Active,,,https://www.redfin.com/WA/Seattle/4074-Letitia-Ave-S-98118/home/172653,NWMLS as Distributed by MLS Grid,2303354,N,Y,47.566153,-122.2896077
MLS Listing,,Single Family Residential,402 Prospect St,Seattle,WA,98109,1695000,5,2.5,Queen Anne,2570,4480,1925,34,660,,Active,November-23-2024 12:00 PM,November-23-2024 02:00 PM,https://www.redfin.com/WA/Seattle/402-Prospect-St-98109/home/132407,NWMLS as Distributed by MLS Grid,2302933,N,Y,47.6291191,-122.348603
MLS Listing,,Single Family Residential,5822 56th Ave NE,Seattle,WA,98105,2695000,5,5.0,Windermere,3859,6150,2024,36,698,,Active,,,https://www.redfin.com/WA/Seattle/5822-56th-Ave-NE-98105/home/120856,NWMLS as Distributed by MLS Grid,2301988,N,Y,47.6710089,-122.2678306
MLS Listing,,Single Family Residential,12316 3rd Ave NE,Seattle,WA,98125,975000,5,2.0,Northgate,2200,7999,1950,36,443,,Active,November-24-2024 01:00 PM,November-24-2024 03:00 PM,https://www.redfin.com/WA/Seattle/12316-3rd-Ave-NE-98125/home/104058,NWMLS as Distributed by MLS Grid,2302855,N,Y,47.7181982,-122.3258938
MLS Listing,,Single Family Residential,8314 Island Dr S,Seattle,WA,98118,4998000,5,5.0,Seward Park,4600,17118,1939,38,1087,,Active,,,https://www.redfin.com/WA/Seattle/8314-Island-Dr-S-98118/home/490462,NWMLS as Distributed by MLS Grid,2301498,N,Y,47.5290395,-122.2620128
MLS Listing,,Single Family Residential,1415 E Denny Way,Seattle,WA,98122,1399950,5,3.0,Capitol Hill,3490,4050,1900,40,401,,Active,,,https://www.redfin.com/WA/Seattle/1415-E-Denny-Way-98122/home/143986,NWMLS as Distributed by MLS Grid,2290606,N,Y,47.6183817,-122.313573
MLS Listing,,Single Family Residential,609 34th Ave E,Seattle,WA,98112,5300000,6,5.5,Washington Park,6228,7200,2001,42,851,,Active,,,https://www.redfin.com/WA/Seattle/609-34th-Ave-E-98112/home/139350,NWMLS as Distributed by MLS Grid,2299434,N,Y,47.625325,-122.2885968
MLS Listing,,Single Family Residential,11014 Cornell Ave S,Seattle,WA,98178,2100000,7,6.5,Lakeridge,5060,7410,2017,42,415,,Active,,,https://www.redfin.com/WA/Seattle/11014-Cornell-Ave-S-98178/home/199205,NWMLS as Distributed by MLS Grid,2300072,N,Y,47.5045859,-122.2413797
MLS Listing,,Townhouse,960 NW 96th St,Seattle,WA,98117,1329880,5,3.5,Crown Hill,2790,1919,2024,43,477,47,Active,November-24-2024 11:30 AM,November-24-2024 01:30 PM,https://www.redfin.com/WA/Seattle/960-NW-96th-St-98117/home/190987731,NWMLS as Distributed by MLS Grid,2300458,N,Y,47.6994193,-122.370787
MLS Listing,,Single Family Residential,9219 8TH Ave S,Seattle,WA,98108,849950,5,3.0,South Park,2560,5490,2008,43,332,,Active,November-23-2024 01:00 PM,November-23-2024 03:00 PM,https://www.redfin.com/WA/Seattle/9219-8th-Ave-S-98108/home/18665018,NWMLS as Distributed by MLS Grid,2299442,N,Y,47.52015,-122.3238982
MLS Listing,,Single Family Residential,4711 8th Ave NE,Seattle,WA,98105,1168000,8,3.0,University District,1810,2202,2019,43,645,,Active,,,https://www.redfin.com/WA/Seattle/4711-8th-Ave-NE-98105/home/312015,NWMLS as Distributed by MLS Grid,2299903,N,Y,47.6634938,-122.3198354
MLS Listing,,Single Family Residential,564 SW 98th St #60,Seattle,WA,98106,992900,5,3.0,White Center,2323,4950,2024,45,427,96,Active,November-23-2024 10:00 AM,November-23-2024 04:30 PM,https://www.redfin.com/WA/Seattle/564-SW-98th-St-98106/unit-60/home/192992079,NWMLS as Distributed by MLS Grid,2299588,N,Y,47.515725,-122.3414399
MLS Listing,,Single Family Residential,421 W highland Dr,Seattle,WA,98119,9885000,5,5.5,Queen Anne,7900,22500,1905,49,1251,,Active,,,https://www.redfin.com/WA/Seattle/421-W-Highland-Dr-98119/home/133017,NWMLS as Distributed by MLS Grid,2286232,N,Y,47.6293151,-122.3627618
MLS Listing,,Single Family Residential,3221 NW 65th St,Seattle,WA,98117,2375000,5,4.5,Sunset Hill,3870,8100,1905,49,614,,Active,November-24-2024 12:00 PM,November-24-2024 02:00 PM,https://www.redfin.com/WA/Seattle/3221-NW-65th-St-98117/home/162252,NWMLS as Distributed by MLS Grid,2297526,N,Y,47.6755749,-122.3993885
MLS Listing,,Single Family Residential,1239 Parkside Dr E,Seattle,WA,98112,3950000,5,5.0,Broadmoor,6390,13189,1940,50,618,377,Active,,,https://www.redfin.com/WA/Seattle/1239-Parkside-Dr-E-98112/home/138775,NWMLS as Distributed by MLS Grid,2298049,N,Y,47.6312108,-122.2908754
MLS Listing,,Single Family Residential,407 SW Thistle St,Seattle,WA,98106,1375000,5,3.5,Highland Park,3230,7522,2022,50,426,,Active,,,https://www.redfin.com/WA/Seattle/407-SW-Thistle-St-98106/home/178443172,NWMLS as Distributed by MLS Grid,2297620,N,Y,47.5278658,-122.3407216
MLS Listing,,Single Family Residential,4839 36th Ave NE,Seattle,WA,98105,1455000,5,4.0,Bryant,2627,4300,1945,51,554,20,Active,,,https://www.redfin.com/WA/Seattle/4839-36th-Ave-NE-98105/home/314179,NWMLS as Distributed by MLS Grid,2297707,N,Y,47.6647241,-122.2894958
MLS Listing,,Single Family Residential,11339 25th Ave NE,Seattle,WA,98125,1079000,5,3.0,Victory Heights,2020,7237,1987,51,534,,Active,November-23-2024 11:00 AM,November-23-2024 01:00 PM,https://www.redfin.com/WA/Seattle/11339-25th-Ave-NE-98125/home/116260,NWMLS as Distributed by MLS Grid,2296883,N,Y,47.7112525,-122.3021198
MLS Listing,,Single Family Residential,1631 Interlaken Pl E,Seattle,WA,98112,3150000,5,4.5,North Capitol Hill,4050,6115,1923,52,778,,Active,,,https://www.redfin.com/WA/Seattle/1631-Interlaken-Pl-E-98112/home/135988,NWMLS as Distributed by MLS Grid,2294257,N,Y,47.6340058,-122.3028768
MLS Listing,,Single Family Residential,3421 E St. Andrews Way,Seattle,WA,98112,3750000,5,3.5,Broadmoor,4905,7200,1950,52,765,230,Active,,,https://www.redfin.com/WA/Seattle/3421-E-St-Andrews-Way-98112/home/138740,NWMLS as Distributed by MLS Grid,2297117,N,Y,47.6298856,-122.2875072
MLS Listing,,Single Family Residential,4432 23rd Ave SW,Seattle,WA,98106,1499000,7,5.0,West Seattle,2880,5137,2016,52,520,,Active,,,https://www.redfin.com/WA/Seattle/4432-23rd-Ave-SW-98106/home/22608820,NWMLS as Distributed by MLS Grid,2280582,N,Y,47.5634381,-122.3621463
MLS Listing,,Single Family Residential,3509 43rd Ave NE,Seattle,WA,98105,12823000,6,6.0,Laurelhurst,6780,18272,1994,56,1891,,Active,,,https://www.redfin.com/WA/Seattle/3509-43rd-Ave-NE-98105/home/121725,NWMLS as Distributed by MLS Grid,2296093,N,Y,47.6536799,-122.2809308
MLS Listing,,Single Family Residential,3228 34th Ave W,Seattle,WA,98199,1890000,5,3.0,Magnolia,3030,6000,1943,56,624,,Active,,,https://www.redfin.com/WA/Seattle/3228-34th-Ave-W-98199/home/128147,NWMLS as Distributed by MLS Grid,2295774,N,Y,47.6495726,-122.4005448
MLS Listing,,Single Family Residential,3721 Cascadia Ave S,Seattle,WA,98144,2910000,5,3.5,Mt Baker,3976,5143,2017,56,732,,Active,,,https://www.redfin.com/WA/Seattle/3721-Cascadia-Ave-S-98144/home/101611607,NWMLS as Distributed by MLS Grid,2296057,N,Y,47.5700479,-122.283193
MLS Listing,,Single Family Residential,1406 McGilvra Blvd E,Seattle,WA,98112,3750000,5,3.5,Washington Park,4094,9120,1928,56,916,,Active,,,https://www.redfin.com/WA/Seattle/1406-McGilvra-Blvd-E-98112/home/139978,NWMLS as Distributed by MLS Grid,2295819,N,Y,47.63125,-122.2810109
MLS Listing,,Single Family Residential,2245 NW 60th St,Seattle,WA,98107,2275000,6,6.0,Ballard,3060,2138,2024,57,743,122,Active,November-23-2024 12:00 PM,November-23-2024 02:00 PM,https://www.redfin.com/WA/Seattle/2245-NW-60th-St-98107/home/185795492,NWMLS as Distributed by MLS Grid,2295853,N,Y,47.672207,-122.386608
MLS Listing,,Single Family Residential,1231 NW 126th St,Seattle,WA,98177,2700000,5,4.0,Broadview,3897,10508,1975,57,693,,Active,,,https://www.redfin.com/WA/Seattle/1231-NW-126th-St-98177/home/288771,NWMLS as Distributed by MLS Grid,2294217,N,Y,47.7199157,-122.3728941
MLS Listing,,Single Family Residential,3760 W Lawton St,Seattle,WA,98199,2779000,5,4.5,Magnolia,4410,5500,2021,63,630,,Active,,,https://www.redfin.com/WA/Seattle/3760-W-Lawton-St-98199/home/122878,NWMLS as Distributed by MLS Grid,2292607,N,Y,47.6652399,-122.4082975
MLS Listing,,Single Family Residential,2620 SW Dakota St,Seattle,WA,98126,898000,5,2.5,Delridge,2050,8370,1918,63,438,,Active,,,https://www.redfin.com/WA/Seattle/2620-SW-Dakota-St-98126/home/159914,NWMLS as Distributed by MLS Grid,2290208,N,Y,47.567213,-122.366514
MLS Listing,,Single Family Residential,8136 22nd Ave SW,Seattle,WA,98106,975000,5,2.5,Westwood Village,2360,7611,2013,64,413,,Active,,,https://www.redfin.com/WA/Seattle/8136-22nd-Ave-SW-98106/home/22227223,NWMLS as Distributed by MLS Grid,2292205,N,Y,47.528923289,-122.3614311
MLS Listing,,Single Family Residential,7015 37th Ave NE,Seattle,WA,98115,3199900,5,3.5,Bryant,3497,5985,2024,64,915,,Active,November-23-2024 11:00 AM,November-23-2024 01:00 PM,https://www.redfin.com/WA/Seattle/7015-37th-Ave-NE-98115/home/315998,NWMLS as Distributed by MLS Grid,2290111,N,Y,47.6801172,-122.2885682
MLS Listing,,Single Family Residential,10207 10th Ave S,Seattle,WA,98168,670000,5,1.5,Boulevard Park,2080,9130,1961,65,322,,Active,,,https://www.redfin.com/WA/Seattle/10207-10th-Ave-S-98168/home/187363,NWMLS as Distributed by MLS Grid,2292682,N,Y,47.5118974,-122.3204221
MLS Listing,,Single Family Residential,9169 8th Ave S,Seattle,WA,98108,979500,5,3.5,South Park,2900,5035,2019,65,338,,Active,,,https://www.redfin.com/WA/Seattle/9169-8th-Ave-S-98108/home/22457933,NWMLS as Distributed by MLS Grid,2292050,N,Y,47.5203045,-122.323438
MLS Listing,,Single Family Residential,1308 3rd Ave W,Seattle,WA,98119,1840000,5,4.0,Queen Anne,2404,2297,1925,65,765,,Active,November-23-2024 10:00 AM,November-23-2024 12:00 PM,https://www.redfin.com/WA/Seattle/1308-3rd-Ave-W-98119/home/132841,NWMLS as Distributed by MLS Grid,2292288,N,Y,47.6308166,-122.3602559
MLS Listing,,Single Family Residential,2333 Perkins Ln W,Seattle,WA,98199,3350000,5,4.0,Magnolia Bluff,4750,13508,2017,65,705,,Active,,,https://www.redfin.com/WA/Seattle/2333-Perkins-Ln-W-98199/home/125276,NWMLS as Distributed by MLS Grid,2280278,N,Y,47.6382953,-122.4110384
MLS Listing,,Single Family Residential,4570 36th Ave W,Seattle,WA,98199,1250000,5,3.0,Magnolia,2135,6000,1950,66,585,,Active,,,https://www.redfin.com/WA/Seattle/4570-36th-Ave-W-98199/home/123883,NWMLS as Distributed by MLS Grid,2266868,N,Y,47.6631058,-122.4033026
MLS Listing,,Single Family Residential,14333 20th Ave NE,Seattle,WA,98125,900000,5,3.0,Olympic Hills,2150,5000,1990,68,419,,Active,,,https://www.redfin.com/WA/Seattle/14333-20th-Ave-NE-98125/home/114683,NWMLS as Distributed by MLS Grid,2268918,N,Y,47.733056,-122.3076651
MLS Listing,,Single Family Residential,216 SW 104th St,Seattle,WA,98146,1200000,5,4.0,Top Hat,3940,7963,1931,69,305,,Active,November-24-2024 11:00 AM,November-24-2024 02:00 PM,https://www.redfin.com/WA/Seattle/216-SW-104th-St-98146/home/182496,NWMLS as Distributed by MLS Grid,2290993,N,Y,47.5104928,-122.3374717
MLS Listing,,Single Family Residential,14014 38th Ave NE,Seattle,WA,98125,1900000,5,4.0,Cedar Park,5695,8100,2007,71,334,,Active,November-24-2024 02:00 PM,November-24-2024 04:00 PM,https://www.redfin.com/WA/Seattle/14014-38th-Ave-NE-98125/home/319895,NWMLS as Distributed by MLS Grid,2289052,N,Y,47.7306023,-122.2871886
MLS Listing,,Single Family Residential,1128 N 77th St,Seattle,WA,98103,1075000,5,2.0,Green Lake,2342,4590,1926,77,459,,Active,,,https://www.redfin.com/WA/Seattle/1128-N-77th-St-98103/home/306313,NWMLS as Distributed by MLS Grid,2287503,N,Y,47.6849775,-122.3431376
MLS Listing,,Single Family Residential,1121 22nd Ave E,Seattle,WA,98112,5950000,5,5.5,Capitol Hill,7205,8640,1908,77,826,,Active,,,https://www.redfin.com/WA/Seattle/1121-22nd-Ave-E-98112/home/136369,NWMLS as Distributed by MLS Grid,2287548,N,Y,47.6293049,-122.3039073
MLS Listing,,Single Family Residential,4815 Stone Way N,Seattle,WA,98103,1098000,5,2.0,Wallingford,2320,3200,1922,78,473,,Active,,,https://www.redfin.com/WA/Seattle/4815-Stone-Way-N-98103/home/119530,NWMLS as Distributed by MLS Grid,2276027,N,Y,47.6640203,-122.3412983
MLS Listing,,Single Family Residential,3907 NE 110th St,Seattle,WA,98125,1399950,5,2.0,Sand Point,2800,12040,1940,78,500,,Active,,,https://www.redfin.com/WA/Seattle/3907-NE-110th-St-98125/home/112811,NWMLS as Distributed by MLS Grid,2287209,N,Y,47.708112,-122.2862429
MLS Listing,,Single Family Residential,3308 NW 68th St,Seattle,WA,98117,2950000,6,3.5,Sunset Hill,3674,4327,2021,78,803,,Active,,,https://www.redfin.com/WA/Seattle/3308-NW-68th-St-98117/home/172692972,NWMLS as Distributed by MLS Grid,2285585,N,Y,47.6784274,-122.4001754
MLS Listing,,Single Family Residential,3732 47th Pl NE,Seattle,WA,98105,3300000,5,4.5,Laurelhurst,4150,7200,1930,79,795,,Active,,,https://www.redfin.com/WA/Seattle/3732-47th-Pl-NE-98105/home/122092,NWMLS as Distributed by MLS Grid,2285344,N,Y,47.6556486,-122.2762918
MLS Listing,,Single Family Residential,116 Prospect St,Seattle,WA,98109,3480000,5,3.5,Queen Anne,3730,7071,1985,79,933,,Active,,,https://www.redfin.com/WA/Seattle/116-Prospect-St-98109/home/133072,NWMLS as Distributed by MLS Grid,2269133,N,Y,47.6291856,-122.354671
MLS Listing,,Single Family Residential,10231 1st Ave S,Seattle,WA,98168,774950,5,3.0,White Center,1550,12297,1938,83,500,,Active,,,https://www.redfin.com/WA/Seattle/10231-1st-Ave-S-98168/home/181046,NWMLS as Distributed by MLS Grid,2247312,N,Y,47.511184,-122.33406
MLS Listing,,Single Family Residential,5630 Beach Dr SW,Seattle,WA,98136,3475000,6,5.5,Seaview,4591,7458,2022,91,757,125,Active,November-22-2024 12:00 PM,November-22-2024 05:00 PM,https://www.redfin.com/WA/Seattle/5630-Beach-Dr-SW-98136/home/22228364,NWMLS as Distributed by MLS Grid,2277098,N,Y,47.5514324,-122.3971623
MLS Listing,,Single Family Residential,2662 39th Ave SW,Seattle,WA,98116,1225000,6,2.0,Belvidere,3256,5000,1925,92,376,,Active,,,https://www.redfin.com/WA/Seattle/2662-39th-Ave-SW-98116/home/327997,NWMLS as Distributed by MLS Grid,2280893,N,Y,47.5798841,-122.3810197
MLS Listing,,Single Family Residential,5944 47th Ave S,Seattle,WA,98118,875000,5,3.0,Hillman City,2180,7491,1986,92,401,,Active,,,https://www.redfin.com/WA/Seattle/5944-47th-Ave-S-98118/home/491744,NWMLS as Distributed by MLS Grid,2271943,N,Y,47.5484226,-122.2736213
MLS Listing,,Single Family Residential,1801 29th Ave S,Seattle,WA,98144,1595000,5,2.5,Mt Baker,2798,3960,2024,93,570,,Active,,,https://www.redfin.com/WA/Seattle/1801-29th-Ave-S-98122/home/146890,NWMLS as Distributed by MLS Grid,2280791,N,Y,47.586783415,-122.2958227
MLS Listing,,Single Family Residential,7922 1/2 Seward Park Ave S,Seattle,WA,98118,2599000,5,4.5,Seward Park,4800,14420,2024,99,541,,Active,November-24-2024 11:00 AM,November-24-2024 01:00 PM,https://www.redfin.com/WA/Seattle/7922-1-2-Seward-Park-Ave-S-98118/home/189787871,NWMLS as Distributed by MLS Grid,2276107,N,Y,47.5310435,-122.2638154
MLS Listing,,Single Family Residential,10325 Midvale Ave N,Seattle,WA,98133,849800,5,3.0,Northgate,1910,4820,1928,99,445,,Active,,,https://www.redfin.com/WA/Seattle/10325-Midvale-Ave-N-98133/home/104620,NWMLS as Distributed by MLS Grid,2277813,N,Y,47.7040407,-122.3436442
MLS Listing,,Single Family Residential,14534 27TH AVE Ave NE,Shoreline,WA,98155,1795000,5,3.5,Lake City,2750,8333,2010,99,653,,Active,,,https://www.redfin.com/WA/Shoreline/14534-27th-Ave-NE-98155/home/87209,NWMLS as Distributed by MLS Grid,2275387,N,Y,47.7348095,-122.2988793
MLS Listing,,Single Family Residential,531 SW 97th Pl #66,Seattle,WA,98106,1139900,5,3.0,West Seattle,2701,4950,2024,102,422,96,Active,November-23-2024 10:00 AM,November-23-2024 04:30 PM,https://www.redfin.com/WA/Seattle/531-SW-97th-Pl-98106/unit-66/home/192038902,NWMLS as Distributed by MLS Grid,2276901,N,Y,47.5161248,-122.341125
MLS Listing,,Single Family Residential,2231 E Lake Washington Blvd,Seattle,WA,98112,2850000,5,4.5,Montlake,5160,7019,1927,104,552,,Active,November-23-2024 02:00 PM,November-23-2024 04:00 PM,https://www.redfin.com/WA/Seattle/2231-E-Lake-Washington-Blvd-98112/home/138297,NWMLS as Distributed by MLS Grid,2255993,N,Y,47.6438822,-122.3023338
MLS Listing,,Single Family Residential,9445 4th Ave SW,Seattle,WA,98106,1200000,9,4.0,West Seattle,2700,9240,1915,104,444,,Active,,,https://www.redfin.com/WA/Seattle/9445-4th-Ave-SW-98106/home/475996,NWMLS as Distributed by MLS Grid,2276337,N,Y,47.5178112,-122.3404816
MLS Listing,,Single Family Residential,3316 W Government Way Unit B,Seattle,WA,98199,975000,6,3.0,Magnolia,2240,2289,1954,106,435,,Active,,,https://www.redfin.com/WA/Seattle/3316-W-Government-Way-98199/unit-B/home/125079,NWMLS as Distributed by MLS Grid,2275290,N,Y,47.6600262,-122.4003334
MLS Listing,,Single Family Residential,311 NE 59th St,Seattle,WA,98105,2899950,5,4.5,Green Lake,3317,4000,2024,112,874,,Active,November-23-2024 01:00 PM,November-23-2024 04:00 PM,https://www.redfin.com/WA/Seattle/311-NE-59th-St-98105/home/305027,NWMLS as Distributed by MLS Grid,2265268,N,Y,47.6713934,-122.3249943
MLS Listing,,Single Family Residential,7023 16th Ave SW,Seattle,WA,77006,1330000,9,9.0,Seattle,3300,5368,2013,114,403,,Active,,,https://www.redfin.com/WA/Seattle/7023-16th-Ave-SW-98106/home/22589452,NWMLS as Distributed by MLS Grid,2271712,N,Y,47.5403406,-122.3555433
MLS Listing,,Condo/Co-op,8618 37th Ave S,Seattle,WA,98118,950000,5,3.0,Beacon Hill,2568,,2024,115,370,48,Active,,,https://www.redfin.com/WA/Seattle/8618-37th-Ave-S-98118/home/192365316,NWMLS as Distributed by MLS Grid,2271763,N,Y,47.5254143,-122.2856256
MLS Listing,,Single Family Residential,3037 27th Ave W,Seattle,WA,98199,4488000,5,5.5,Magnolia,4800,9013,2021,115,935,,Active,,,https://www.redfin.com/WA/Seattle/3037-27th-Ave-W-98199/home/124786,NWMLS as Distributed by MLS Grid,2271438,N,Y,47.6479988,-122.3918927
MLS Listing,,Single Family Residential,7842 & 7846 Lake City Way NE,Seattle,WA,98115,2098000,8,5.5,Maple Leaf,3980,8000,1925,121,527,,Active,,,https://www.redfin.com/WA/Seattle/7846-Lake-City-Way-NE-98115/home/310896,NWMLS as Distributed by MLS Grid,2269379,N,Y,47.6860023,-122.3138585
MLS Listing,,Single Family Residential,7842 Lake City Way NE,Seattle,WA,98115,1100000,5,3.0,Maple Leaf,2140,4000,1925,121,514,,Active,,,https://www.redfin.com/WA/Seattle/7842-Lake-City-Way-NE-98115/home/309225,NWMLS as Distributed by MLS Grid,2268332,N,Y,47.6859216,-122.3139787
MLS Listing,,Single Family Residential,4524 12th Ave S,Seattle,WA,98108,1420000,6,4.0,Beacon Hill,3630,4741,2022,121,391,,Active,November-23-2024 02:00 PM,November-23-2024 04:00 PM,https://www.redfin.com/WA/Seattle/4524-12th-Ave-S-98108/home/35625120,NWMLS as Distributed by MLS Grid,2268410,N,Y,47.5626565,-122.3168364
MLS Listing,,Single Family Residential,549 S 111th St,Seattle,WA,98168,670000,5,3.0,Seattle,2010,6510,1979,122,333,,Active,,,https://www.redfin.com/WA/Seattle/549-S-111th-St-98168/home/189806,NWMLS as Distributed by MLS Grid,2268056,N,Y,47.5038736,-122.3262909
MLS Listing,,Single Family Residential,2908 S Charlestown St,Seattle,WA,98144,849950,5,3.0,Columbia City,1840,5083,2000,128,462,,Active,,,https://www.redfin.com/WA/Seattle/2908-S-Charlestown-St-98144/home/172588,NWMLS as Distributed by MLS Grid,2265730,N,Y,47.5702846,-122.2949613
MLS Listing,,Single Family Residential,2002 NW 60th St,Seattle,WA,98107,1950000,8,5.5,Ballard,2870,3071,1900,128,679,,Active,,,https://www.redfin.com/WA/Seattle/2002-NW-60th-St-98107/home/494138,NWMLS as Distributed by MLS Grid,2251162,N,Y,47.672567,-122.3823833
MLS Listing,,Single Family Residential,3948 S Brandon St,Seattle,WA,98118,799950,6,2.0,Columbia City,1931,3629,1931,132,414,,Active,,,https://www.redfin.com/WA/Seattle/3948-S-Brandon-St-98118/home/172209,NWMLS as Distributed by MLS Grid,2264557,N,Y,47.5536218,-122.2814448
MLS Listing,,Single Family Residential,,Seattle,WA,98105,14500000,5,5.5,,6488,50786,2000,133,2235,,Active,,,https://www.redfin.com/WA/Seattle/Undisclosed-address-98105/home/191573318,NWMLS as Distributed by MLS Grid,2249860,N,Y,47.661143,-122.260171
MLS Listing,,Single Family Residential,7330 Keen Way N,Seattle,WA,98103,2695000,6,3.5,Green Lake,3658,3936,2024,138,737,,Active,,,https://www.redfin.com/WA/Seattle/7330-Keen-Way-N-98103/home/306385,NWMLS as Distributed by MLS Grid,2261058,N,Y,47.6823511,-122.3431753
MLS Listing,,Single Family Residential,2425 SW Barton St,Seatac,WA,98106,989000,8,4.0,West Seattle,1090,7168,1948,140,907,,Active,,,https://www.redfin.com/WA/Seattle/2425-SW-Barton-St-98106/home/473615,NWMLS as Distributed by MLS Grid,2261125,N,Y,47.5208302,-122.3643084
MLS Listing,,Single Family Residential,3830 18th Ave SW,Seattle,WA,98106,739000,5,2.0,West Seattle,1900,5000,1959,144,389,,Active,,,https://www.redfin.com/WA/Seattle/3830-18th-Ave-SW-98106/home/160357,NWMLS as Distributed by MLS Grid,2259561,N,Y,47.5691913,-122.3565699
MLS Listing,,Single Family Residential,4541 S Brandon St,Seattle,WA,98118,1199999,5,4.5,Hillman City,3220,6180,1912,154,373,,Active,,,https://www.redfin.com/WA/Seattle/4541-S-Brandon-St-98118/home/491965,NWMLS as Distributed by MLS Grid,2254035,N,Y,47.5531717,-122.2760476
MLS Listing,,Single Family Residential,,Seattle,WA,98112,4998000,12,13.0,,13710,13744,1914,157,365,,Active,,,https://www.redfin.com/WA/Seattle/Undisclosed-address-98112/home/191234473,NWMLS as Distributed by MLS Grid,2253382,N,Y,47.627078,-122.314931
MLS Listing,,Single Family Residential,1934 NE Northgate Way,Seattle,WA,98125,1450000,7,3.5,Northgate,3650,6800,1925,163,397,,Active,,,https://www.redfin.com/WA/Seattle/1934-NE-Northgate-Way-98125/home/116807,NWMLS as Distributed by MLS Grid,2247476,N,Y,47.7086991,-122.3065416
MLS Listing,,Single Family Residential,9835 57th Ave S,Seattle,WA,98118,669950,5,2.5,Rainier Beach,1742,6138,1950,175,385,,Active,,,https://www.redfin.com/WA/Seattle/9835-57th-Ave-S-98118/home/176773,NWMLS as Distributed by MLS Grid,2245895,N,Y,47.5123322,-122.2623509
MLS Listing,,Single Family Residential,1703 Parkside Dr E,Seattle,WA,98112,4750000,5,3.5,Broadmoor,4880,8277,1928,184,973,230,Active,,,https://www.redfin.com/WA/Seattle/1703-Parkside-Dr-E-98112/home/138843,NWMLS as Distributed by MLS Grid,2220755,N,Y,47.6347533,-122.2912894
MLS Listing,,Single Family Residential,821 34th Ave E,Seattle,WA,98112,5395000,5,3.5,Washington Park,5862,7601,2009,185,920,,Active,,,https://www.redfin.com/WA/Seattle/821-34th-Ave-E-98112/home/139716,NWMLS as Distributed by MLS Grid,2241424,N,Y,47.6268627,-122.2885784
MLS Listing,,Single Family Residential,5720 S Cooper St,Seattle,WA,98118,1299000,6,5.0,Upper Rainier Beach,3636,4741,2024,189,357,,Active,November-23-2024 11:00 AM,November-23-2024 01:00 PM,https://www.redfin.com/WA/Seattle/5720-S-Cooper-St-98118/home/176674,NWMLS as Distributed by MLS Grid,2239571,N,Y,47.5118721,-122.2608123
MLS Listing,,Single Family Residential,6514 S Norfolk St,Seattle,WA,98118,1200000,5,5.0,Upper Rainier Beach,5167,7250,1981,196,232,,Active,,,https://www.redfin.com/WA/Seattle/6514-S-Norfolk-St-98118/home/177294,NWMLS as Distributed by MLS Grid,2195221,N,Y,47.5146628,-122.2529437
MLS Listing,,Single Family Residential,3036 NE 90th St,Seattle,WA,98115,3595880,6,5.0,Wedgwood,4875,9524,2024,198,738,,Active,,,https://www.redfin.com/WA/Seattle/3036-NE-90th-St-98115/home/190720459,NWMLS as Distributed by MLS Grid,2234290,N,Y,47.6940561,-122.2945357
MLS Listing,,Single Family Residential,103 Highland Dr,Seattle,WA,98109,6350000,6,5.5,Queen Anne,7840,15299,1906,199,810,,Active,,,https://www.redfin.com/WA/Seattle/103-Highland-Dr-98109/home/134770,NWMLS as Distributed by MLS Grid,2234099,N,Y,47.6295701,-122.3549818
MLS Listing,,Single Family Residential,,Seattle,WA,98112,14900000,6,6.0,,7910,16367,1924,199,1884,,Active,,,https://www.redfin.com/WA/Seattle/Undisclosed-address-Unknown/home/190710299,NWMLS as Distributed by MLS Grid,2233013,N,Y,47.625936,-122.292572
MLS Listing,,Single Family Residential,1409 E Prospect St,Seattle,WA,98112,5350000,7,6.5,Capitol Hill,9330,22690,1909,204,573,,Active,,,https://www.redfin.com/WA/Seattle/1409-E-Prospect-St-98112/home/136906,NWMLS as Distributed by MLS Grid,2225334,N,Y,47.6281815,-122.3141712
MLS Listing,,Single Family Residential,5511 26th Ave S,Seattle,WA,98108,1100000,5,4.0,Beacon Hill,3030,5994,1938,213,363,,Active,,,https://www.redfin.com/WA/Seattle/5511-26th-Ave-S-98108/home/478327,NWMLS as Distributed by MLS Grid,2220101,N,Y,47.5519942,-122.2993718
MLS Listing,,Single Family Residential,620 W Lee St,Seattle,WA,98119,5695000,6,5.5,Queen Anne,6250,13527,1904,217,911,,Active,,,https://www.redfin.com/WA/Seattle/620-W-Lee-St-98119/home/135129,NWMLS as Distributed by MLS Grid,2225957,N,Y,47.631589,-122.3654189
MLS Listing,,Single Family Residential,4012 Washington Ave W,Seattle,WA,98199,3250000,5,4.5,Magnolia,6278,16964,1900,217,518,2255,Active,,,https://www.redfin.com/WA/Seattle/4012-Washington-Ave-W-98199/home/12091406,NWMLS as Distributed by MLS Grid,2223290,N,Y,47.657114,-122.412734
MLS Listing,,Single Family Residential,415 SW Thistle St,Seattle,WA,98106,1450000,5,4.0,Highland Park,3230,7522,2024,220,449,,Active,,,https://www.redfin.com/WA/Seattle/415-SW-Thistle-St-98106/home/178443170,NWMLS as Distributed by MLS Grid,2223755,N,Y,47.5281068,-122.3407483
MLS Listing,,Single Family Residential,2105 E Highland Dr,Seattle,WA,98112,4750000,5,4.5,North Capitol Hill,6500,9108,1915,238,731,,Active,,,https://www.redfin.com/WA/Seattle/2105-E-Highland-Dr-98112/home/136118,NWMLS as Distributed by MLS Grid,2211075,N,Y,47.6303702,-122.3043643
MLS Listing,,Single Family Residential,9537 3rd Ave NW,Seattle,WA,98117,1449000,5,3.5,Greenwood,2815,1956,2024,246,515,48,Active,,,https://www.redfin.com/WA/Seattle/9537-3rd-Ave-NW-98117/home/100781,NWMLS as Distributed by MLS Grid,2213584,N,Y,47.6989718,-122.3610661
MLS Listing,,Single Family Residential,6829 S Langston Rd,Seattle,WA,98178,989000,5,2.0,Skyway,1980,10552,1956,247,499,,Active,,,https://www.redfin.com/WA/Seattle/6829-S-Langston-Rd-98178/home/195947,NWMLS as Distributed by MLS Grid,2209816,N,Y,47.485623,-122.2479902
MLS Listing,,Single Family Residential,160 Highland Dr,Seattle,WA,98109,6999000,5,5.0,Queen Anne,6450,7710,1985,284,1085,,Active,,,https://www.redfin.com/WA/Seattle/160-Highland-Dr-98109/home/133848,NWMLS as Distributed by MLS Grid,2198783,N,Y,47.6299639,-122.3536584
MLS Listing,,Single Family Residential,3050 27th Ave W,Seattle,WA,98199,2880000,6,4.0,Magnolia,3785,5000,2019,339,761,,Active,,,https://www.redfin.com/WA/Seattle/3050-27th-Ave-W-98199/home/123871,NWMLS as Distributed by MLS Grid,2177649,N,Y,47.6483489,-122.3912168
MLS Listing,,Single Family Residential,1214 Warren Ave N,Seattle,WA,98109,7300000,5,8.5,Queen Anne,9970,8600,1902,504,732,,Active,,,https://www.redfin.com/WA/Seattle/1214-Warren-Ave-N-98109/home/132590,NWMLS as Distributed by MLS Grid,2136626,N,Y,47.6302155,-122.3538381
MLS Listing,,Single Family Residential,5315 Martin Luther King Jr Way S,Seattle,WA,98118,599995,5,2.0,Columbia City,2496,3515,1919,505,240,,Active,,,https://www.redfin.com/WA/Seattle/5315-Martin-Luther-King-Jr-Way-S-98118/home/2060057,NWMLS as Distributed by MLS Grid,2135243,N,Y,47.5537668,-122.2896848
New Construction Home,,Single Family Residential,7506 18th Ave NW,Seattle,WA,98117,2250000,5,4.5,Seattle,3469,,2024,9,649,,Active,,,https://www.redfin.com/WA/Seattle/7506-18th-Ave-NW-98117/home/165204,Zillow,CFF88A74787A,N,Y,47.6834715,-122.3797413
New Construction Home,,Single Family Residential,5132 46th Ave NE,Seattle,WA,98105,2399000,5,4.5,Seattle,3215,,2024,9,746,,Active,,,https://www.redfin.com/WA/Seattle/5132-46th-Ave-NE-98105/home/121328,Zillow,419679BB436F,N,Y,47.666977,-122.2781532
New Construction Home,,Single Family Residential,2211 42nd Ave SW,Seattle,WA,98116,1749900,5,3.0,Seattle,3060,3842,2024,272,572,,Active,,,https://www.redfin.com/WA/Seattle/2211-42nd-Ave-SW-98116/home/150655,Zillow,338FE611DFDD,N,Y,47.5835743,-122.385429
New Construction Plan,,Single Family Residential,Plan E1 Plan,Seattle,WA,98106,1174900,5,3.0,Seattle,2701,,,149,435,110,Active,,,https://www.redfin.com/WA/Seattle/Seattle/Plan-E1/home/190602464,Zillow,18F66B4D00A3,N,Y,47.514651,-122.3403328
New Construction Plan,,Single Family Residential,Plan A1 Plan,Seattle,WA,98106,1139900,5,3.0,Seattle,2701,,,195,422,110,Active,,,https://www.redfin.com/WA/Seattle/Seattle/Plan-A1/home/190758916,Zillow,AD4EA700ED20,N,Y,47.514651,-122.3403328
New Construction Plan,,Single Family Residential,Plan G Plan,Seattle,WA,98106,1028900,5,3.0,Seattle,2487,,,195,414,110,Active,,,https://www.redfin.com/WA/Seattle/Seattle/Plan-G/home/190758915,Zillow,16FC83EF8D38,N,Y,47.514651,-122.3403328
New Construction Plan,,Single Family Residential,Plan B1 Plan,Seattle,WA,98106,1044900,5,3.0,Seattle,2487,,,196,420,110,Active,,,https://www.redfin.com/WA/Seattle/Seattle/Plan-B1/home/190739303,Zillow,B6EE7762E437,N,Y,47.514651,-122.3403328
New Construction Plan,,Single Family Residential,Plan F1 Plan,Seattle,WA,98106,992900,5,2.5,Seattle,2323,,,211,427,110,Active,,,https://www.redfin.com/WA/Seattle/Seattle/Plan-F1/home/190602833,Zillow,3F93DBA2F2C4,N,Y,47.514651,-122.3403328
